run_id,label,density,avg_statements_per_step,avg_intentions_per_goal
aggregated_graph_1,completed_True,0.029689608636977057,12.5,0.5
aggregated_graph_10,completed_True,0.05714285714285714,0.0,0.0
aggregated_graph_11,completed_True,0.04743083003952569,5.0,0.0
aggregated_graph_12,completed_True,0.031746031746031744,7.5,0.0
aggregated_graph_13,completed_True,0.02602436323366556,28.0,1.0
aggregated_graph_14,completed_False,0.008418120155038759,16.2,0.0
aggregated_graph_15,completed_False,0.03908045977011494,2.5,0.0
aggregated_graph_16,completed_False,0.0220125786163522,6.333333333333333,2.0
aggregated_graph_17,completed_False,0.03931451612903226,4.333333333333333,0.5
aggregated_graph_18,completed_False,0.06315789473684211,3.5,0.0
aggregated_graph_2,agent_invalid_action_False,0.09848484848484848,0.0,0.0
aggregated_graph_3,completed_False,0.047692307692307694,3.5,1.5
aggregated_graph_4,agent_invalid_action_False,0.10909090909090909,0.0,0.0
aggregated_graph_5,agent_invalid_action_False,0.07692307692307693,0.0,0.0
aggregated_graph_6,agent_invalid_action_False,0.005951966585450748,77.0,0.0
aggregated_graph_7,agent_invalid_action_False,0.016826923076923076,9.75,0.0
aggregated_graph_8,agent_invalid_action_False,0.009470579102623815,14.0,0.0
aggregated_graph_9,completed_True,0.05533596837944664,5.0,0.0
aggregated_graph_std-001-stock-00000,completed_False,0.008279506752789196,16.6,0.0
aggregated_graph_std-001-stock-00001,completed_False,0.04310344827586207,6.0,1.0
aggregated_graph_std-001-stock-00002,completed_False,0.038177339901477834,5.5,0.0
aggregated_graph_std-001-stock-00003,completed_False,0.05627705627705628,1.5,0.5
aggregated_graph_std-001-stock-00004,completed_False,0.015789473684210527,8.0,1.25
aggregated_graph_std-001-stock-00005,completed_True,0.03361344537815126,10.5,0.5
aggregated_graph_std-001-stock-00006,agent_invalid_action_False,0.004853041695146958,95.0,0.0
aggregated_graph_std-002-environment-00000,completed_True,0.042328042328042326,2.0,0.0
aggregated_graph_std-002-environment-00001,completed_True,0.015195791934541203,6.666666666666667,1.3333333333333333
aggregated_graph_std-002-environment-00002,completed_False,0.022201665124884366,15.5,0.5
aggregated_graph_std-002-environment-00003,completed_True,0.07516339869281045,1.5,0.5
aggregated_graph_std-002-environment-00004,completed_False,0.029036004645760744,5.666666666666667,0.2
aggregated_graph_std-003-ac-00000,completed_True,0.01246498599439776,35.5,0.0
aggregated_graph_std-003-ac-00001,completed_True,0.028205128205128206,12.5,0.0
aggregated_graph_std-003-ac-00002,completed_True,0.0875,0.5,0.5
aggregated_graph_std-003-ac-00003,completed_True,0.07516339869281045,1.5,0.5
aggregated_graph_std-003-ac-00004,completed_True,0.0533596837944664,3.0,0.0
aggregated_graph_std-003-ac-00005,completed_False,0.005099302200751476,19.8,0.0
aggregated_graph_std-004-N11-00000,completed_False,0.03409090909090909,9.0,0.0
aggregated_graph_std-004-N225-00000,completed_True,0.08169934640522876,2.0,2.0
aggregated_graph_std-004-N37-00000,completed_True,0.04461538461538461,3.5,0.0
aggregated_graph_std-004-N4-00000,completed_True,0.018433179723502304,5.25,0.0
aggregated_graph_std-004-N41-00000,completed_True,0.050724637681159424,1.5,0.0
aggregated_graph_std-004-N41-00001,completed_False,0.04064039408866995,2.5,0.0
aggregated_graph_std-004-N41-00002,completed_True,0.030952380952380953,9.5,0.0
aggregated_graph_std-004-N41-00003,completed_True,0.02834008097165992,1.5,0.0
aggregated_graph_std-004-Q19-00000,completed_True,0.07017543859649122,2.5,1.0
aggregated_graph_std-004-Q30-00000,completed_False,0.024841437632135307,15.5,0.0
aggregated_graph_std-004-Q30-00001,completed_False,0.005628729032984352,41.0,1.0
aggregated_graph_std-004-Q30-00002,completed_False,0.007839866555462885,40.5,0.0
aggregated_graph_std-004-Q30-00003,completed_False,0.010404040404040403,43.0,0.0
aggregated_graph_std-004-Q30-00004,completed_False,0.04666666666666667,1.0,0.0
aggregated_graph_std-004-Q30-00005,completed_False,0.05253623188405797,3.0,0.5
aggregated_graph_std-004-Q47-00000,completed_True,0.01956636700158646,10.0,1.6666666666666667
aggregated_graph_std-004-Q49-00000,completed_True,0.023671497584541065,15.0,0.0
aggregated_graph_std-004-Q49-00001,completed_True,0.05952380952380952,2.5,0.0
aggregated_graph_std-005-new-00000,agent_invalid_action_False,0.005319148936170213,177.0,0.0
aggregated_graph_std-005-new-00001,completed_False,0.025757575757575757,2.0,0.0
aggregated_graph_std-005-new-00002,task_limit_reached_False,0.006558311947533505,13.125,0.25
aggregated_graph_std-005-new-00003,completed_False,0.04064039408866995,8.0,0.0
aggregated_graph_std-005-new-00004,completed_False,0.034759358288770054,10.0,1.0
aggregated_graph_std-005-new-00005,completed_True,0.041005291005291,6.5,0.0
aggregated_graph_std-005-new-00007,completed_True,0.023936170212765957,8.333333333333334,0.0
aggregated_graph_std-005-new-00008,completed_False,0.035037878787878785,7.5,0.0
aggregated_graph_std-005-new-00009,completed_True,0.028846153846153848,11.0,1.0
aggregated_graph_std-006-new-00000,completed_False,0.0272938443670151,7.0,0.0
aggregated_graph_std-006-new-00001,completed_False,0.05238095238095238,13.0,0.0
aggregated_graph_std-006-new-00002,completed_False,0.009228650137741047,16.8,0.0
aggregated_graph_std-006-new-00003,completed_True,0.025306122448979593,8.666666666666666,4.0
aggregated_graph_std-006-new-00004,completed_True,0.045584045584045586,5.5,0.0
aggregated_graph_std-006-new-00005,completed_False,0.0038752488387524884,32.714285714285715,0.0
aggregated_graph_std-006-new-00006,unknown_False,0.006174055829228243,26.2,0.0
aggregated_graph_std-006-new-00007,completed_True,0.010606060606060607,26.666666666666668,0.0
aggregated_graph_std-006-new-00008,completed_False,0.003214515980473427,42.0,2.0
aggregated_graph_std-007-bootstrap-00000,completed_False,0.009924937447873228,20.75,0.0
aggregated_graph_std-007-bootstrap-00001,completed_True,0.047692307692307694,5.5,0.5
aggregated_graph_std-007-bootstrap-00002,completed_False,0.014152514152514152,12.75,0.0
aggregated_graph_std-007-bootstrap-00003,completed_False,0.041501976284584984,0.0,1.5
aggregated_graph_std-007-bootstrap-00004,completed_False,0.03058321479374111,5.0,0.0
aggregated_graph_std-007-bootstrap-00005,completed_False,0.042328042328042326,5.5,0.0
aggregated_graph_std-007-bootstrap-00006,agent_invalid_action_False,0.027564102564102563,11.5,0.0
aggregated_graph_std-007-bootstrap-00007,completed_True,0.015503875968992248,0.0,0.0
aggregated_graph_std-007-bootstrap-00008,completed_False,0.0159846547314578,16.666666666666668,0.5
aggregated_graph_std-007-bootstrap-00009,agent_invalid_action_False,0.02026554856743536,13.0,0.0
aggregated_graph_std-007-bootstrap-00010,completed_False,0.031746031746031744,5.5,0.0
aggregated_graph_std-007-bootstrap-00011,completed_True,0.009968102073365232,4.875,3.3333333333333335
aggregated_graph_std-007-bootstrap-00012,completed_False,0.007656731757451182,20.4,0.0
aggregated_graph_std-007-bootstrap-00013,completed_False,0.034759358288770054,9.5,0.0
aggregated_graph_std-007-bootstrap-00014,agent_invalid_action_False,0.02768549280177187,6.666666666666667,1.3333333333333333
aggregated_graph_std-007-bootstrap-00015,completed_False,0.024841437632135307,9.5,0.5
aggregated_graph_std-007-bootstrap-00016,completed_False,0.015291750503018108,11.0,0.0
aggregated_graph_std-007-bootstrap-00017,completed_False,0.007985907222548444,37.0,0.0
aggregated_graph_std-007-bootstrap-00018,completed_False,0.014866712235133289,6.8,1.4
aggregated_graph_std-007-bootstrap-00019,completed_True,0.03058321479374111,10.5,0.0
aggregated_graph_std-007-bootstrap-00020,completed_True,0.04064039408866995,5.0,0.0
aggregated_graph_std-007-bootstrap-00021,completed_True,0.03277310924369748,5.5,0.0
aggregated_graph_std-007-bootstrap-00022,completed_False,0.023784355179704016,7.0,0.0
aggregated_graph_std-007-bootstrap-00023,completed_False,0.0059593428014480644,16.0,0.14285714285714285
aggregated_graph_std-007-bootstrap-00024,completed_False,0.003396549876781314,52.2,0.0
aggregated_graph_std-007-bootstrap-00025,completed_True,0.01589506172839506,4.5,1.0
aggregated_graph_std-007-bootstrap-00026,completed_False,0.025901942645698426,7.0,0.0
aggregated_graph_std-007-bootstrap-00027,completed_True,0.01445966514459665,17.333333333333332,0.0
aggregated_graph_std-007-bootstrap-00028,completed_True,0.06578947368421052,2.5,0.5
aggregated_graph_std-007-bootstrap-00029,agent_invalid_action_False,0.1,0.0,0.0
aggregated_graph_std-007-bootstrap-00030,completed_False,0.017796610169491526,21.5,0.0
aggregated_graph_std-007-bootstrap-00031,completed_False,0.032716927453769556,4.0,0.3333333333333333
aggregated_graph_std-007-bootstrap-00032,completed_True,0.05533596837944664,1.5,0.5
aggregated_graph_std-007-bootstrap-00034,completed_True,0.02077922077922078,5.333333333333333,0.0
aggregated_graph_std-007-bootstrap-00036,completed_True,0.02349290780141844,8.666666666666666,0.0
aggregated_graph_std-007-bootstrap-00037,completed_True,0.022745098039215685,9.666666666666666,0.0
aggregated_graph_std-007-bootstrap-00038,completed_True,0.018753781004234724,15.5,0.0
aggregated_graph_std-007-bootstrap-00039,agent_invalid_action_False,0.03015873015873016,11.5,0.0
aggregated_graph_std-007-bootstrap-00040,completed_True,0.005903637402399543,27.0,0.0
aggregated_graph_std-007-bootstrap-00041,agent_invalid_action_False,0.08974358974358974,0.0,0.0
aggregated_graph_std-007-bootstrap-00044,unknown_False,0.006467661691542288,20.0,0.0
aggregated_graph_std-007-bootstrap-00045,completed_True,0.035037878787878785,8.0,0.0
aggregated_graph_std-007-bootstrap-00046,completed_True,0.02923076923076923,0.0,0.0
aggregated_graph_std-007-bootstrap-00047,completed_True,0.04891304347826087,4.0,0.0
aggregated_graph_std-007-bootstrap-00049,completed_True,0.005715506650285775,31.8,1.6
aggregated_graph_std-007-bootstrap-00052,completed_True,0.04743083003952569,12.0,0.0
aggregated_graph_std-007-bootstrap-00054,agent_invalid_action_False,0.003937007874015748,252.0,0.0
aggregated_graph_std-007-bootstrap-00057,completed_True,0.04891304347826087,5.0,0.0
aggregated_graph_std-007-bootstrap-00058,completed_False,0.0272938443670151,4.0,0.5
aggregated_graph_std-007-bootstrap-00059,completed_False,0.05844155844155844,2.0,0.5
aggregated_graph_std-007-bootstrap-00060,completed_False,0.034759358288770054,9.0,0.5
aggregated_graph_std-007-bootstrap-00061,completed_False,0.014145658263305322,10.0,1.0
aggregated_graph_std-007-bootstrap-00064,completed_False,0.02804878048780488,1.0,0.5
aggregated_graph_std-007-bootstrap-00066,completed_False,0.007924095506203733,16.333333333333332,0.25
aggregated_graph_std-007-bootstrap-00068,completed_False,0.04833333333333333,1.5,0.0
aggregated_graph_std-007-bootstrap-00069,completed_False,0.017361111111111112,14.333333333333334,0.0
aggregated_graph_std-007-bootstrap-00070,completed_False,0.005498281786941581,33.2,0.25
aggregated_graph_std-007-bootstrap-00071,completed_False,0.05253623188405797,3.0,0.5
aggregated_graph_std-007-bootstrap-00073,completed_False,0.01826923076923077,15.0,1.5
aggregated_graph_std-007-bootstrap-00074,completed_False,0.1527777777777778,0.0,1.0
aggregated_graph_std-007-bootstrap-00075,completed_False,0.007852077001013171,13.5,0.0
aggregated_graph_std-007-bootstrap-00076,agent_invalid_action_False,0.1111111111111111,0.0,0.0
aggregated_graph_std-007-bootstrap-00077,completed_False,0.04064039408866995,6.5,0.0
aggregated_graph_std-007-bootstrap-00078,agent_invalid_action_False,0.14285714285714285,0.0,0.0
aggregated_graph_std-007-bootstrap-00080,completed_False,0.042735042735042736,0.5,0.0
aggregated_graph_std-007-bootstrap-00081,completed_False,0.02423469387755102,9.666666666666666,0.6666666666666666
aggregated_graph_std-007-bootstrap-00082,completed_True,0.08088235294117647,0.0,0.5
aggregated_graph_std-007-bootstrap-00083,agent_invalid_action_False,0.014001806684733513,20.666666666666668,1.6666666666666667
aggregated_graph_std-007-bootstrap-00085,completed_True,0.05714285714285714,0.5,0.0
aggregated_graph_std-007-bootstrap-00087,completed_False,0.01138316151202749,19.0,0.5
