run_id,label,Statement->Step,Intention->Step,Goal->Intention,Goal->Step,Intention->ToolCall,ToolCall->Step,ToolCall->Observation,Observation->Step,Goal->Intention->ToolCall,Intention->ToolCall->Observation,Run->Step->TerminationSignal,Goal->Intention->ToolCall->Observation
aggregated_graph_1,completed_True,25.0,1.0,1.0,2.0,1.0,1.0,1.0,1.0,1.0,1.0,2.0,1.0
aggregated_graph_10,completed_True,0.0,6.0,0.0,3.0,0.0,1.0,1.0,1.0,0.0,0.0,2.0,0.0
aggregated_graph_11,completed_True,10.0,1.0,0.0,2.0,0.0,0.0,0.0,1.0,0.0,0.0,2.0,0.0
aggregated_graph_12,completed_True,15.0,7.0,0.0,2.0,1.0,1.0,1.0,1.0,0.0,1.0,2.0,0.0
aggregated_graph_13,completed_True,28.0,4.0,1.0,1.0,0.0,0.0,0.0,1.0,0.0,0.0,1.0,0.0
aggregated_graph_14,completed_False,81.0,22.0,0.0,5.0,1.0,2.0,2.0,1.0,0.0,1.0,5.0,0.0
aggregated_graph_15,completed_False,5.0,12.0,0.0,2.0,1.0,1.0,1.0,1.0,0.0,1.0,2.0,0.0
aggregated_graph_16,completed_False,19.0,17.0,4.0,2.0,2.0,2.0,1.0,1.0,1.0,1.0,3.0,1.0
aggregated_graph_17,completed_False,13.0,2.0,1.0,2.0,1.0,2.0,2.0,1.0,1.0,1.0,3.0,1.0
aggregated_graph_18,completed_False,7.0,1.0,0.0,2.0,0.0,0.0,0.0,1.0,0.0,0.0,2.0,0.0
aggregated_graph_2,agent_invalid_action_False,0.0,3.0,0.0,1.0,0.0,0.0,0.0,1.0,0.0,0.0,1.0,0.0
aggregated_graph_3,completed_False,7.0,5.0,3.0,2.0,1.0,1.0,0.0,1.0,1.0,0.0,2.0,0.0
aggregated_graph_4,agent_invalid_action_False,0.0,2.0,0.0,1.0,0.0,0.0,0.0,1.0,0.0,0.0,1.0,0.0
aggregated_graph_5,agent_invalid_action_False,0.0,7.0,0.0,1.0,0.0,0.0,0.0,0.0,0.0,0.0,0.0,0.0
aggregated_graph_6,agent_invalid_action_False,154.0,4.0,0.0,2.0,1.0,1.0,0.0,0.0,0.0,0.0,0.0,0.0
aggregated_graph_7,agent_invalid_action_False,39.0,6.0,0.0,1.0,1.0,3.0,2.0,0.0,0.0,1.0,0.0,0.0
aggregated_graph_8,agent_invalid_action_False,70.0,19.0,0.0,4.0,1.0,2.0,1.0,1.0,0.0,1.0,5.0,0.0
aggregated_graph_9,completed_True,10.0,1.0,0.0,2.0,0.0,0.0,0.0,1.0,0.0,0.0,2.0,0.0
aggregated_graph_std-001-stock-00000,completed_False,83.0,22.0,0.0,5.0,1.0,2.0,2.0,1.0,0.0,1.0,5.0,0.0
aggregated_graph_std-001-stock-00001,completed_False,12.0,4.0,2.0,2.0,1.0,1.0,1.0,1.0,1.0,1.0,2.0,1.0
aggregated_graph_std-001-stock-00002,completed_False,11.0,4.0,0.0,1.0,0.0,1.0,1.0,1.0,0.0,0.0,2.0,0.0
aggregated_graph_std-001-stock-00003,completed_False,3.0,5.0,1.0,2.0,1.0,1.0,1.0,1.0,1.0,1.0,2.0,1.0
aggregated_graph_std-001-stock-00004,completed_False,32.0,22.0,5.0,4.0,1.0,2.0,2.0,1.0,1.0,1.0,4.0,1.0
aggregated_graph_std-001-stock-00005,completed_True,21.0,1.0,1.0,2.0,1.0,1.0,0.0,1.0,1.0,0.0,2.0,0.0
aggregated_graph_std-001-stock-00006,agent_invalid_action_False,190.0,7.0,0.0,2.0,1.0,1.0,1.0,0.0,0.0,1.0,0.0,0.0
aggregated_graph_std-002-environment-00000,completed_True,4.0,10.0,0.0,2.0,1.0,1.0,1.0,1.0,0.0,1.0,2.0,0.0
aggregated_graph_std-002-environment-00001,completed_True,20.0,6.0,4.0,2.0,0.0,0.0,0.0,1.0,0.0,0.0,3.0,0.0
aggregated_graph_std-002-environment-00002,completed_False,31.0,1.0,1.0,1.0,1.0,1.0,0.0,1.0,1.0,0.0,2.0,0.0
aggregated_graph_std-002-environment-00003,completed_True,3.0,2.0,1.0,2.0,1.0,1.0,1.0,1.0,1.0,1.0,2.0,1.0
aggregated_graph_std-002-environment-00004,completed_False,17.0,5.0,1.0,5.0,1.0,1.0,1.0,1.0,1.0,1.0,3.0,1.0
aggregated_graph_std-003-ac-00000,completed_True,71.0,2.0,0.0,1.0,1.0,1.0,1.0,1.0,0.0,1.0,2.0,0.0
aggregated_graph_std-003-ac-00001,completed_True,25.0,2.0,0.0,2.0,1.0,1.0,1.0,1.0,0.0,1.0,2.0,0.0
aggregated_graph_std-003-ac-00002,completed_True,1.0,2.0,1.0,2.0,1.0,1.0,1.0,1.0,1.0,1.0,2.0,1.0
aggregated_graph_std-003-ac-00003,completed_True,3.0,2.0,1.0,2.0,1.0,1.0,1.0,1.0,1.0,1.0,2.0,1.0
aggregated_graph_std-003-ac-00004,completed_True,6.0,5.0,0.0,1.0,1.0,1.0,1.0,1.0,0.0,1.0,2.0,0.0
aggregated_graph_std-003-ac-00005,completed_False,99.0,3.0,0.0,1.0,2.0,3.0,3.0,1.0,0.0,2.0,5.0,0.0
aggregated_graph_std-004-N11-00000,completed_False,18.0,4.0,0.0,1.0,0.0,0.0,0.0,1.0,0.0,0.0,2.0,0.0
aggregated_graph_std-004-N225-00000,completed_True,4.0,3.0,2.0,1.0,0.0,0.0,0.0,1.0,0.0,0.0,2.0,0.0
aggregated_graph_std-004-N37-00000,completed_True,7.0,6.0,0.0,2.0,0.0,1.0,1.0,1.0,0.0,0.0,2.0,0.0
aggregated_graph_std-004-N4-00000,completed_True,21.0,22.0,0.0,2.0,0.0,2.0,2.0,1.0,0.0,0.0,4.0,0.0
aggregated_graph_std-004-N41-00000,completed_True,3.0,7.0,0.0,2.0,1.0,1.0,1.0,1.0,0.0,1.0,2.0,0.0
aggregated_graph_std-004-N41-00001,completed_False,5.0,10.0,0.0,2.0,1.0,1.0,1.0,1.0,0.0,1.0,2.0,0.0
aggregated_graph_std-004-N41-00002,completed_True,19.0,4.0,0.0,2.0,0.0,1.0,1.0,1.0,0.0,0.0,2.0,0.0
aggregated_graph_std-004-N41-00003,completed_True,3.0,23.0,0.0,2.0,0.0,1.0,1.0,1.0,0.0,0.0,2.0,0.0
aggregated_graph_std-004-Q19-00000,completed_True,5.0,2.0,1.0,1.0,1.0,1.0,1.0,1.0,1.0,1.0,2.0,1.0
aggregated_graph_std-004-Q30-00000,completed_False,31.0,2.0,0.0,0.0,0.0,1.0,1.0,1.0,0.0,0.0,2.0,0.0
aggregated_graph_std-004-Q30-00001,completed_False,164.0,5.0,1.0,1.0,1.0,2.0,2.0,1.0,0.0,1.0,4.0,0.0
aggregated_graph_std-004-Q30-00002,completed_False,81.0,0.0,0.0,0.0,0.0,0.0,0.0,1.0,0.0,0.0,2.0,0.0
aggregated_graph_std-004-Q30-00003,completed_False,86.0,1.0,0.0,2.0,0.0,1.0,1.0,1.0,0.0,0.0,2.0,0.0
aggregated_graph_std-004-Q30-00004,completed_False,2.0,10.0,0.0,1.0,0.0,1.0,1.0,1.0,0.0,0.0,2.0,0.0
aggregated_graph_std-004-Q30-00005,completed_False,6.0,4.0,1.0,2.0,1.0,1.0,1.0,1.0,1.0,1.0,2.0,1.0
aggregated_graph_std-004-Q47-00000,completed_True,30.0,15.0,5.0,3.0,1.0,1.0,1.0,1.0,1.0,1.0,3.0,1.0
aggregated_graph_std-004-Q49-00000,completed_True,30.0,2.0,0.0,2.0,0.0,1.0,1.0,1.0,0.0,0.0,2.0,0.0
aggregated_graph_std-004-Q49-00001,completed_True,5.0,3.0,0.0,2.0,1.0,1.0,1.0,1.0,0.0,1.0,2.0,0.0
aggregated_graph_std-005-new-00000,agent_invalid_action_False,177.0,5.0,0.0,1.0,0.0,0.0,0.0,0.0,0.0,0.0,0.0,0.0
aggregated_graph_std-005-new-00001,completed_False,6.0,19.0,0.0,5.0,1.0,1.0,1.0,1.0,0.0,1.0,3.0,0.0
aggregated_graph_std-005-new-00002,task_limit_reached_False,105.0,21.0,2.0,8.0,4.0,6.0,5.0,0.0,0.0,3.0,0.0,0.0
aggregated_graph_std-005-new-00003,completed_False,16.0,1.0,0.0,1.0,1.0,1.0,1.0,1.0,0.0,1.0,2.0,0.0
aggregated_graph_std-005-new-00004,completed_False,20.0,1.0,1.0,1.0,1.0,1.0,1.0,1.0,1.0,1.0,2.0,1.0
aggregated_graph_std-005-new-00005,completed_True,13.0,2.0,0.0,1.0,0.0,1.0,1.0,1.0,0.0,0.0,2.0,0.0
aggregated_graph_std-005-new-00007,completed_True,25.0,6.0,0.0,1.0,1.0,2.0,2.0,1.0,0.0,1.0,3.0,0.0
aggregated_graph_std-005-new-00008,completed_False,15.0,5.0,0.0,1.0,1.0,1.0,1.0,1.0,0.0,1.0,2.0,0.0
aggregated_graph_std-005-new-00009,completed_True,22.0,6.0,1.0,1.0,1.0,1.0,1.0,1.0,0.0,1.0,2.0,0.0
aggregated_graph_std-006-new-00000,completed_False,21.0,5.0,0.0,1.0,2.0,2.0,1.0,1.0,0.0,1.0,3.0,0.0
aggregated_graph_std-006-new-00001,completed_False,13.0,0.0,0.0,1.0,0.0,0.0,0.0,1.0,0.0,0.0,1.0,0.0
aggregated_graph_std-006-new-00002,completed_False,84.0,11.0,0.0,5.0,1.0,2.0,2.0,1.0,0.0,1.0,5.0,0.0
aggregated_graph_std-006-new-00003,completed_True,26.0,9.0,4.0,1.0,1.0,1.0,1.0,1.0,1.0,1.0,3.0,1.0
aggregated_graph_std-006-new-00004,completed_True,11.0,4.0,0.0,2.0,0.0,0.0,0.0,1.0,0.0,0.0,2.0,0.0
aggregated_graph_std-006-new-00005,completed_False,229.0,12.0,0.0,5.0,2.0,4.0,4.0,1.0,0.0,2.0,7.0,0.0
aggregated_graph_std-006-new-00006,unknown_False,131.0,20.0,0.0,1.0,2.0,3.0,3.0,0.0,0.0,2.0,0.0,0.0
aggregated_graph_std-006-new-00007,completed_True,80.0,3.0,0.0,3.0,0.0,2.0,2.0,1.0,0.0,0.0,3.0,0.0
aggregated_graph_std-006-new-00008,completed_False,294.0,4.0,4.0,1.0,1.0,4.0,4.0,1.0,1.0,1.0,7.0,1.0
aggregated_graph_std-007-bootstrap-00000,completed_False,83.0,5.0,0.0,3.0,2.0,2.0,2.0,1.0,0.0,2.0,4.0,0.0
aggregated_graph_std-007-bootstrap-00001,completed_True,11.0,2.0,1.0,2.0,1.0,1.0,1.0,1.0,1.0,1.0,2.0,1.0
aggregated_graph_std-007-bootstrap-00002,completed_False,51.0,4.0,0.0,3.0,0.0,3.0,3.0,1.0,0.0,0.0,4.0,0.0
aggregated_graph_std-007-bootstrap-00003,completed_False,0.0,3.0,3.0,1.0,0.0,0.0,0.0,1.0,0.0,0.0,2.0,0.0
aggregated_graph_std-007-bootstrap-00004,completed_False,10.0,17.0,0.0,1.0,0.0,0.0,0.0,1.0,0.0,0.0,2.0,0.0
aggregated_graph_std-007-bootstrap-00005,completed_False,11.0,4.0,0.0,2.0,1.0,1.0,1.0,1.0,0.0,1.0,2.0,0.0
aggregated_graph_std-007-bootstrap-00006,agent_invalid_action_False,23.0,2.0,0.0,3.0,0.0,1.0,1.0,1.0,0.0,0.0,2.0,0.0
aggregated_graph_std-007-bootstrap-00007,completed_True,0.0,16.0,0.0,1.0,0.0,0.0,0.0,1.0,0.0,0.0,2.0,0.0
aggregated_graph_std-007-bootstrap-00008,completed_False,50.0,1.0,1.0,2.0,1.0,2.0,2.0,1.0,1.0,1.0,3.0,1.0
aggregated_graph_std-007-bootstrap-00009,agent_invalid_action_False,39.0,0.0,0.0,0.0,0.0,2.0,2.0,0.0,0.0,0.0,0.0,0.0
aggregated_graph_std-007-bootstrap-00010,completed_False,11.0,11.0,0.0,2.0,1.0,1.0,1.0,1.0,0.0,1.0,2.0,0.0
aggregated_graph_std-007-bootstrap-00011,completed_True,39.0,55.0,20.0,6.0,4.0,5.0,5.0,1.0,0.0,4.0,8.0,0.0
aggregated_graph_std-007-bootstrap-00012,completed_False,102.0,13.0,0.0,5.0,0.0,2.0,2.0,1.0,0.0,0.0,5.0,0.0
aggregated_graph_std-007-bootstrap-00013,completed_False,19.0,3.0,0.0,2.0,0.0,0.0,0.0,1.0,0.0,0.0,2.0,0.0
aggregated_graph_std-007-bootstrap-00014,agent_invalid_action_False,20.0,7.0,4.0,3.0,1.0,1.0,1.0,0.0,0.0,1.0,0.0,0.0
aggregated_graph_std-007-bootstrap-00015,completed_False,19.0,10.0,1.0,2.0,1.0,1.0,1.0,1.0,1.0,1.0,2.0,1.0
aggregated_graph_std-007-bootstrap-00016,completed_False,44.0,7.0,0.0,2.0,0.0,2.0,2.0,1.0,0.0,0.0,4.0,0.0
aggregated_graph_std-007-bootstrap-00017,completed_False,111.0,3.0,0.0,2.0,0.0,2.0,2.0,1.0,0.0,0.0,3.0,0.0
aggregated_graph_std-007-bootstrap-00018,completed_False,34.0,20.0,7.0,4.0,0.0,1.0,1.0,1.0,0.0,0.0,5.0,0.0
aggregated_graph_std-007-bootstrap-00019,completed_True,21.0,5.0,0.0,2.0,0.0,0.0,0.0,1.0,0.0,0.0,2.0,0.0
aggregated_graph_std-007-bootstrap-00020,completed_True,10.0,6.0,0.0,2.0,1.0,1.0,1.0,1.0,0.0,1.0,2.0,0.0
aggregated_graph_std-007-bootstrap-00021,completed_True,11.0,11.0,0.0,2.0,0.0,0.0,0.0,1.0,0.0,0.0,2.0,0.0
aggregated_graph_std-007-bootstrap-00022,completed_False,14.0,18.0,0.0,2.0,0.0,0.0,0.0,1.0,0.0,0.0,2.0,0.0
aggregated_graph_std-007-bootstrap-00023,completed_False,128.0,24.0,1.0,7.0,2.0,2.0,2.0,1.0,0.0,2.0,8.0,0.0
aggregated_graph_std-007-bootstrap-00024,completed_False,261.0,17.0,0.0,7.0,1.0,2.0,2.0,1.0,0.0,1.0,5.0,0.0
aggregated_graph_std-007-bootstrap-00025,completed_True,27.0,22.0,7.0,7.0,1.0,2.0,2.0,1.0,0.0,1.0,6.0,0.0
aggregated_graph_std-007-bootstrap-00026,completed_False,21.0,10.0,0.0,3.0,0.0,0.0,0.0,1.0,0.0,0.0,3.0,0.0
aggregated_graph_std-007-bootstrap-00027,completed_True,52.0,5.0,0.0,2.0,0.0,1.0,1.0,1.0,0.0,0.0,3.0,0.0
aggregated_graph_std-007-bootstrap-00028,completed_True,5.0,2.0,1.0,2.0,1.0,1.0,1.0,1.0,1.0,1.0,2.0,1.0
aggregated_graph_std-007-bootstrap-00029,agent_invalid_action_False,0.0,3.0,0.0,1.0,0.0,0.0,0.0,0.0,0.0,0.0,0.0,0.0
aggregated_graph_std-007-bootstrap-00030,completed_False,43.0,4.0,0.0,1.0,0.0,1.0,1.0,1.0,0.0,0.0,2.0,0.0
aggregated_graph_std-007-bootstrap-00031,completed_False,12.0,8.0,1.0,3.0,2.0,2.0,2.0,1.0,1.0,2.0,3.0,1.0
aggregated_graph_std-007-bootstrap-00032,completed_True,3.0,7.0,1.0,2.0,1.0,1.0,1.0,1.0,0.0,1.0,2.0,0.0
aggregated_graph_std-007-bootstrap-00034,completed_True,16.0,14.0,0.0,11.0,1.0,1.0,1.0,1.0,0.0,1.0,3.0,0.0
aggregated_graph_std-007-bootstrap-00036,completed_True,26.0,5.0,0.0,2.0,0.0,1.0,1.0,1.0,0.0,0.0,3.0,0.0
aggregated_graph_std-007-bootstrap-00037,completed_True,29.0,4.0,0.0,3.0,2.0,2.0,2.0,1.0,0.0,2.0,3.0,0.0
aggregated_graph_std-007-bootstrap-00038,completed_True,31.0,8.0,0.0,9.0,0.0,0.0,0.0,1.0,0.0,0.0,2.0,0.0
aggregated_graph_std-007-bootstrap-00039,agent_invalid_action_False,23.0,2.0,0.0,1.0,0.0,1.0,1.0,0.0,0.0,0.0,0.0,0.0
aggregated_graph_std-007-bootstrap-00040,completed_True,108.0,48.0,0.0,4.0,0.0,2.0,2.0,1.0,0.0,0.0,4.0,0.0
aggregated_graph_std-007-bootstrap-00041,agent_invalid_action_False,0.0,4.0,0.0,1.0,0.0,0.0,0.0,1.0,0.0,0.0,1.0,0.0
aggregated_graph_std-007-bootstrap-00044,unknown_False,80.0,12.0,0.0,2.0,0.0,2.0,3.0,0.0,0.0,0.0,0.0,0.0
aggregated_graph_std-007-bootstrap-00045,completed_True,16.0,4.0,0.0,2.0,1.0,1.0,1.0,1.0,0.0,1.0,2.0,0.0
aggregated_graph_std-007-bootstrap-00046,completed_True,0.0,3.0,0.0,1.0,1.0,1.0,1.0,1.0,0.0,1.0,2.0,0.0
aggregated_graph_std-007-bootstrap-00047,completed_True,8.0,3.0,0.0,2.0,0.0,1.0,1.0,1.0,0.0,0.0,2.0,0.0
aggregated_graph_std-007-bootstrap-00049,completed_True,159.0,8.0,8.0,5.0,2.0,3.0,3.0,1.0,2.0,2.0,5.0,2.0
aggregated_graph_std-007-bootstrap-00052,completed_True,12.0,3.0,0.0,1.0,0.0,0.0,0.0,1.0,0.0,0.0,1.0,0.0
aggregated_graph_std-007-bootstrap-00054,agent_invalid_action_False,252.0,0.0,0.0,1.0,0.0,0.0,0.0,0.0,0.0,0.0,0.0,0.0
aggregated_graph_std-007-bootstrap-00057,completed_True,10.0,1.0,0.0,2.0,0.0,1.0,1.0,1.0,0.0,0.0,2.0,0.0
aggregated_graph_std-007-bootstrap-00058,completed_False,8.0,21.0,1.0,2.0,1.0,1.0,1.0,1.0,0.0,1.0,2.0,0.0
aggregated_graph_std-007-bootstrap-00059,completed_False,4.0,4.0,1.0,2.0,1.0,1.0,1.0,1.0,1.0,1.0,2.0,1.0
aggregated_graph_std-007-bootstrap-00060,completed_False,18.0,2.0,1.0,2.0,1.0,1.0,1.0,1.0,1.0,1.0,2.0,1.0
aggregated_graph_std-007-bootstrap-00061,completed_False,50.0,7.0,5.0,5.0,2.0,3.0,2.0,1.0,1.0,2.0,5.0,1.0
aggregated_graph_std-007-bootstrap-00064,completed_False,2.0,26.0,1.0,2.0,1.0,1.0,1.0,1.0,0.0,1.0,2.0,0.0
aggregated_graph_std-007-bootstrap-00066,completed_False,98.0,10.0,1.0,4.0,2.0,5.0,3.0,1.0,1.0,1.0,6.0,0.0
aggregated_graph_std-007-bootstrap-00068,completed_False,3.0,8.0,0.0,2.0,1.0,1.0,1.0,1.0,0.0,1.0,2.0,0.0
aggregated_graph_std-007-bootstrap-00069,completed_False,43.0,3.0,0.0,3.0,1.0,2.0,2.0,1.0,0.0,1.0,3.0,0.0
aggregated_graph_std-007-bootstrap-00070,completed_False,166.0,4.0,1.0,4.0,1.0,2.0,2.0,1.0,0.0,1.0,5.0,0.0
aggregated_graph_std-007-bootstrap-00071,completed_False,6.0,5.0,1.0,2.0,1.0,1.0,1.0,1.0,0.0,1.0,2.0,0.0
aggregated_graph_std-007-bootstrap-00073,completed_False,45.0,4.0,3.0,2.0,1.0,1.0,1.0,1.0,1.0,1.0,3.0,1.0
aggregated_graph_std-007-bootstrap-00074,completed_False,0.0,1.0,1.0,1.0,0.0,0.0,0.0,1.0,0.0,0.0,1.0,0.0
aggregated_graph_std-007-bootstrap-00075,completed_False,81.0,31.0,0.0,3.0,3.0,5.0,5.0,1.0,0.0,3.0,6.0,0.0
aggregated_graph_std-007-bootstrap-00076,agent_invalid_action_False,0.0,2.0,0.0,1.0,0.0,0.0,0.0,0.0,0.0,0.0,0.0,0.0
aggregated_graph_std-007-bootstrap-00077,completed_False,13.0,3.0,0.0,2.0,1.0,1.0,1.0,1.0,0.0,1.0,2.0,0.0
aggregated_graph_std-007-bootstrap-00078,agent_invalid_action_False,0.0,1.0,0.0,1.0,0.0,0.0,0.0,0.0,0.0,0.0,0.0,0.0
aggregated_graph_std-007-bootstrap-00080,completed_False,1.0,12.0,0.0,2.0,0.0,1.0,1.0,1.0,0.0,0.0,2.0,0.0
aggregated_graph_std-007-bootstrap-00081,completed_False,29.0,2.0,2.0,3.0,1.0,2.0,2.0,1.0,1.0,1.0,3.0,1.0
aggregated_graph_std-007-bootstrap-00082,completed_True,0.0,4.0,1.0,2.0,1.0,1.0,1.0,1.0,1.0,1.0,2.0,1.0
aggregated_graph_std-007-bootstrap-00083,agent_invalid_action_False,62.0,5.0,5.0,3.0,0.0,1.0,1.0,0.0,0.0,0.0,0.0,0.0
aggregated_graph_std-007-bootstrap-00085,completed_True,1.0,7.0,0.0,2.0,0.0,1.0,1.0,1.0,0.0,0.0,2.0,0.0
aggregated_graph_std-007-bootstrap-00087,completed_False,76.0,1.0,1.0,2.0,1.0,3.0,3.0,1.0,1.0,1.0,4.0,1.0
